name,first,last,count
"Faye",0003,5247,1726
"Marten",0001,5242,1722
"Dora",0300,5227,1095
"Hannelore",0515,5245,920
"Claire",2203,5245,639
"Bubbles",3003,5240,479
"Marigold",1106,5072,440
"Pintsize",0001,5192,349
"Tai",0691,4874,324
"Clinton",1898,4914,314
"May",2491,5072,275
"Roko",3311,5243,262
"Momo",1298,5060,245
"Elliot",1845,4919,234
"Sven",0328,4405,209
"Brun",3210,4510,207
"Angus",0710,2815,189
"Steve",0003,4510,175
"Dale",1640,5072,174
"Emily",2203,4296,166
"Sam",1957,5096,165
"Renee",1845,4919,146
"Raven",0325,2079,144
"Penelope",0698,5110,143
"Yay",3391,5243,143
"Aurelia",2804,5072,124
"Veronica",0431,5096,120
"Winslow",0527,4798,119
"Liz",4970,5247,113
"Beepatrice",3883,5087,101
"Moray",4858,5201,87
"Melon",3486,4806,85
"Millefeuille",4066,4777,76
"Willow",3931,5244,68
"Ayomide",5109,5245,57
"Jim",1926,4723,55
"Cosette",1322,4510,51
"Padma",1845,2099,51
"Wil",1128,4383,50
"Emmett",4691,5047,46
"Ellen",0300,1350,40
"Iris",3931,5244,40
"Tilly",3606,3929,34
"Yemisi",3931,5244,33
"Amir",0366,2607,32
"Station",2113,4875,26
"Bembo",3121,5210,25
"Corpse Witch",3007,3413,25
"Cosmo",3878,4877,24
"Amanda",0584,3666,23
"Natasha",0317,1178,23
"Dan",4367,4510,22
"Evan",4937,5201,22
"Gabby",2203,2328,21
"Henry",1515,2410,20
"Beatrice Chatham",0913,3638,19
"Maurice",1515,2410,19
"Lemon",3906,4355,18
"Lydia",1229,1424,18
"Zlata",5082,5201,17
"Evie",3650,3666,15
"Meena",0819,1029,15
"Mrs. Whitaker",0585,4287,13
"Nelson",3953,4781,13
"Punchbot",3136,3596,13
"Roomba",0695,3101,13
"Delilah",2617,2628,12
"Hercules",4235,4566,11
"Jimbo",0513,2667,11
"Lt. Potter",2114,2165,11
"Therapist",0649,3769,11
"Arthur",3486,4166,10
"John Ellicott-Chatham",1905,2165,10
"Mieville",0538,4162,10
"Avatar: Mommymilkers",4497,4845,9
"Francis York",2138,2165,9
"Greg Farmer",1993,4741,9
"VespaVenger",0720,0749,9
"Barry",3017,3248,8
"Bodyhub Employee",3540,4343,8
"Pete Bianchi",0982,1045,8
"Prototype Body",1010,1017,8
"Reindeer Fairy",1844,4064,8
"Seven",3136,3988,8
"Skullmaster",2346,4437,8
"ArachnoPC",2334,3578,7
"Avatar: BurgerOni",4620,4841,7
"Jeremy",3034,3447,7
"Jones",4066,4162,7
"Moray-44",4944,4955,7
"Ol' Boaty",4930,5168,7
"Bart",5005,5040,6
"Beard Guy",2618,2625,6
"Dr. Case",2116,2136,6
"Genevieve",0676,0684,6
"Leda",1996,2001,6
"Becky",4802,5047,5
"Bleminda",3113,3615,5
"Cheshire",5126,5130,5
"Christopher",4573,4583,5
"Floating Slab",4641,4645,5
"Jane",2391,2396,5
"Luna",1546,1554,5
"O'Malley",3695,3837,5
"Piercer",1247,3755,5
"Reindeer",3325,4064,5
"Vespabot",0743,0747,5
"Alcohol-Induced Hallucination",0474,1816,4
"Benji",1061,1065,4
"Convenience Store Delinquent",4067,4096,4
"Crushbot",3900,4163,4
"Dave",0893,1029,4
"Elssa Bianchi",1035,1041,4
"Ghost of Roko's Old Body",4113,4116,4
"Lorena the Landlady",0312,0315,4
"PT401x",1105,3746,4
"Pizza Girl",0374,3642,4
"Police",0749,1207,4
"Spaceship",2108,2111,4
"Swordsmary",3795,4124,4
"Tail Girl",5002,5012,4
"Annette",1540,2272,3
"Anthony Jones",3768,3770,3
"Atlas",4968,4970,3
"Bros",1862,2665,3
"Companion Person",2333,2335,3
"Doctor",1156,2966,3
"Droid 6",3576,3578,3
"Gallery Owner",1645,1979,3
"Ghost of Roko's New Body",4114,4116,3
"Landlady",1893,3956,3
"Orange-Haired Robot Girl",4432,4434,3
"Peter Pencil-Dick",3934,3936,3
"Preppie Guy Robot",4621,4624,3
"Punk Rock Bot",3598,3854,3
"Purple-Haired Waitress",3497,3499,3
"Rupert",4243,4245,3
"Security Droids",2135,2165,3
"Smythe",4968,4970,3
"Tortura",1350,3428,3
"Ashlee",5209,5210,2
"Big Mohawk Robot Guy",4424,4431,2
"Body-Assignment Algorithm Fucker",4173,4174,2
"Brant",4967,4968,2
"Celia",4300,4301,2
"Charlotte",1998,1999,2
"Claire the Witch",1716,1717,2
"Clerk",0717,3132,2
"Director",4943,4944,2
"Dora's Therapist",2170,2171,2
"Emily's Parents",2329,2330,2
"Eva",0794,0795,2
"Female Stripper",4340,4341,2
"Femto",4300,4301,2
"Flementine",5179,5180,2
"Head of Station Security",2121,2123,2
"Janitor",4859,5069,2
"Juicy Nemesis",2847,3182,2
"Landlord",3452,3480,2
"Landon Munroe",4300,4301,2
"Male Stripper",4340,4341,2
"Marten's Old Boss",0624,0626,2
"Momo's Old Body",2000,2008,2
"Opossum",4188,4189,2
"Otherworldly Beauty",3381,3382,2
"Parole Officer",3169,4031,2
"Raccoon",1155,3335,2
"Reeves",4933,4934,2
"Regret",5009,5035,2
"Rupert's Owner",4244,4245,2
"Scientists",2136,2137,2
"Squirrel",1483,1485,2
"Station Security",2119,2120,2
"Sven's Lawyer",1162,1164,2
"This is the one where Hanners gets ANGRY",2682,2683,2
"Trustees",1133,1134,2
"Very Angry Guy",2936,2937,2
"Violence",5009,5035,2
"Adversarius",4948,4948,1
"Agatha",4210,4210,1
"Agent Alan Turing",0750,0750,1
"Allie",2577,2577,1
"Artist",1527,1527,1
"Audiosexual",2050,2050,1
"Bailey",0727,0727,1
"Bank Teller",3945,3945,1
"Barber",2934,2934,1
"Beach King",3123,3123,1
"Bear",1285,1285,1
"Benjamin the DM",0963,0963,1
"Blembmbo",3121,3121,1
"Bodyhub Tech",4030,4030,1
"Bone King",4688,4688,1
"Bot Covered in Entrails",3897,3897,1
"Bouncer",0869,0869,1
"Bovinia",4656,4656,1
"Bubbles' Armor",3474,3474,1
"Busker",0361,0361,1
"Buskers",1064,1064,1
"Cephaloform Robot",3542,3542,1
"Chatham-Ellicott Representative",3048,3048,1
"Clarissa",4264,4264,1
"Clinton's Roommate",2932,2932,1
"Consumer Entertainment Robot",2743,2743,1
"Cool Kid",3471,3471,1
"Cool Kid's Mom",3471,3471,1
"Crembo",3121,3121,1
"Croglor",5208,5208,1
"DJ Phalliz",1171,1171,1
"Deathbot 9000",0642,0642,1
"Debbie Hairy",3190,3190,1
"Deep Sea Research Robot",3809,3809,1
"Dora's Dad",3794,3794,1
"Driver",0918,0918,1
"Dude",0360,0360,1
"EMT",1554,1554,1
"Ellen Allien",2399,2399,1
"Eve the Apple Robot",0855,0855,1
"Firemen",1224,1224,1
"Flirting Guy",1856,1856,1
"Flirty Girl",1650,1650,1
"French Dora",3641,3641,1
"French Hannelore",3641,3641,1
"Garboldo",3533,3533,1
"Gina Riversmith",1334,1334,1
"Guitar Shop Guy",0931,0931,1
"Hairdresser",1983,1983,1
"High School DM",4264,4264,1
"Invisible Emu",4075,4075,1
"Jed",3951,3951,1
"Kate Bush",4362,4362,1
"Lady with Corgi",3422,3422,1
"LilBeef",4497,4497,1
"Lizard Queen",3385,3385,1
"Makeout Hobo",0594,0594,1
"May's Old Body",4348,4348,1
"Mizu",5009,5009,1
"Monks",0697,0697,1
"Moses",3957,3957,1
"Mr. Snuffles",3730,3730,1
"Neutrino Girl",5010,5010,1
"Newsletter",4633,4633,1
"Normal Human",5113,5113,1
"Not A Giant Squid",3809,3809,1
"Nudist Couple",2304,2304,1
"Nurse",2883,2883,1
"Owner",3342,3342,1
"Pigeon",1155,1155,1
"Pizza Guy",0812,0812,1
"Portlanditis",1919,1919,1
"Pretentious Record Store Dude",0324,0324,1
"Priest",3645,3645,1
"Reggie",3017,3017,1
"Remembering Faye's Dad's Death",0504,0504,1
"Robot Horse",3607,3607,1
"Sea Green Robot",4126,4126,1
"Sentient Toaster",1999,1999,1
"Sexula",4949,4949,1
"Singing Scientists",2127,2127,1
"Smif President",0973,0973,1
"Spider",1211,1211,1
"Spider Queen",5206,5206,1
"Tattoo Artist",2935,2935,1
"Tattooed Receptionist",2534,2534,1
"Teens",3192,3192,1
"Tilly's Dad",3628,3628,1
"Venti Mocha Guy",0419,0419,1
"Vet",3881,3881,1
"What's Steampunk?",2198,2198,1
"Winslow's Old Body",3554,3554,1
"Wolf Pelt Guy",3383,3383,1
"Wolf Queen",3384,3384,1
"Yellow Robot",3584,3584,1
